<options>
    <addon name="skin.nimbus">
        <type>skin</type>
        <repo>repository.ivarbrandt.test</repo>
        <dependencies>
            <dependency>script.nimbus.helper</dependency>
            <dependency>script.embuary.info</dependency>
            <dependency>plugin.video.themoviedb.helper</dependency>
        </dependencies>
    </addon>
    <addon name="script.nimbus.helper">
        <type>script</type>
        <repo>repository.ivarbrandt.test</repo>
        <dependencies>
        </dependencies>
    </addon>
    <addon name="script.trakt">
        <type>tracking provider</type>
        <repo></repo>
        <dependencies>
        </dependencies>
    </addon>
    <addon name="script.embuary.info">
        <type>script</type>
        <repo></repo>
        <dependencies>
        </dependencies>
    </addon>
    <addon name="plugin.video.themoviedb.helper">
        <type>widget</type>
        <repo>repository.jurialmunkey</repo>
        <dependencies>
        </dependencies>
    </addon>
</options>