<shortcuts>
	<shortcut>
		<defaultID>livetv</defaultID>
		<label>$SKIN[31085|skin.arctic.horizon.2|None]</label>
		<label2>Common Shortcut</label2>
		<icon>special://skin/extras/icons/livetv.png</icon>
		<thumb />
		<action>ActivateWindow(TVChannels)</action>
		<visible>PVR.HasTVChannels</visible>
		</shortcut>
	<shortcut>
		<defaultID />
		<label>[COLOR orchid][B]Movies[/B][/COLOR]</label>
		<label2>Video Add-On</label2>
		<icon>DefaultShortcut.png</icon>
		<thumb>special://skin/extras/icons/cinemavision.png</thumb>
		<action>ActivateWindow(Videos,"plugin://plugin.video.themoviedb.helper/?info=dir_movie&amp;tmdb_type=None",return)</action>
		</shortcut>
	<shortcut>
		<defaultID />
		<label>[COLOR orchid][B]TV Shows[/B][/COLOR]</label>
		<label2>Video Add-On</label2>
		<icon>DefaultShortcut.png</icon>
		<thumb>special://skin/extras/icons/director.png</thumb>
		<action>ActivateWindow(Videos,"plugin://plugin.video.themoviedb.helper/?info=dir_tv&amp;tmdb_type=None",return)</action>
		</shortcut>
	<shortcut>
		<defaultID>plugin.video.otaku</defaultID>
		<label>[B][COLOR white]Anime[/COLOR][/B]</label>
		<label2>Video Add-On</label2>
		<icon>DefaultShortcut.png</icon>
		<thumb>special://skin/extras/icons/trans-goku.png</thumb>
		<action>ActivateWindow(Videos,"plugin://plugin.video.otaku",return)</action>
		</shortcut>
	<shortcut>
		<defaultID />
		<label>[COLOR cyan][B]TV[/B][/COLOR]</label>
		<label2>Custom item</label2>
		<icon>DefaultShortcut.png</icon>
		<thumb>special://skin/extras/icons/livetv.png</thumb>
		<action>noop</action>
		<disabled>True</disabled>
		</shortcut>
	</shortcuts>
