<shortcuts>
	<shortcut>
		<defaultID>plugin.video.otaku/watchlist_status_type/anilist/CURRENT</defaultID>
		<label>[I]Continue Watching[/I]</label>
		<label2>Video Add-On</label2>
		<icon>DefaultShortcut.png</icon>
		<thumb>image://C%3a%5cUsers%5cVictor%5cAppData%5cRoaming%5cKodi%5caddons%5cscript.otaku.themepak%5cart%5cthemes%5ccolouredv2%5ccurrent.png/</thumb>
		<action>ActivateWindow(Videos,"plugin://plugin.video.otaku/watchlist_status_type/anilist/CURRENT",return)</action>
		</shortcut>
	<shortcut>
		<defaultID>plugin.video.otaku/anilist_all_time_trending_trending</defaultID>
		<label>[B]Trending[/B]</label>
		<label2>Video Add-On</label2>
		<icon>DefaultShortcut.png</icon>
		<thumb>image://C%3a%5cUsers%5cVictor%5cAppData%5cRoaming%5cKodi%5caddons%5cscript.otaku.themepak%5cart%5cthemes%5ccolouredv2%5ctrending.png/</thumb>
		<action>ActivateWindow(Videos,"plugin://plugin.video.otaku/anilist_all_time_trending_trending",return)</action>
		</shortcut>
	<shortcut>
		<defaultID>plugin.video.otaku/anilist_top_100_anime</defaultID>
		<label>[LIGHT]Top 100[/LIGHT]</label>
		<label2>Video Add-On</label2>
		<icon>DefaultShortcut.png</icon>
		<thumb>image://C%3a%5cUsers%5cVictor%5cAppData%5cRoaming%5cKodi%5caddons%5cscript.otaku.themepak%5cart%5cthemes%5ccolouredv2%5ctop_100_anime.png/</thumb>
		<action>ActivateWindow(Videos,"plugin://plugin.video.otaku/anilist_top_100_anime",return)</action>
		</shortcut>
	<shortcut>
		<defaultID>plugin.video.otaku/anilist_upcoming_this_season_upcoming</defaultID>
		<label>[B]Upcoming[/B]</label>
		<label2>Video Add-On</label2>
		<icon>DefaultShortcut.png</icon>
		<thumb>image://C%3a%5cUsers%5cVictor%5cAppData%5cRoaming%5cKodi%5caddons%5cscript.otaku.themepak%5cart%5cthemes%5ccolouredv2%5cupcoming.png/</thumb>
		<action>ActivateWindow(Videos,"plugin://plugin.video.otaku/anilist_upcoming_this_season_upcoming",return)</action>
		</shortcut>
	</shortcuts>
