{
    "name"              : "[COLOR orchid]THE CREW[/COLOR]",
    "plugin"            : "plugin.video.thecrew",
    "priority"          : 100,
    "provider"          : "The Crew",
    "is_resolvable"     : "true",
    "assert"            : {
                            "play_movie":       ["title", "year", "imdb"],
                            "play_episode":     ["showname", "season", "episode", "imdb"]
                          },
    "play_movie" : "plugin://plugin.video.thecrew/?action=play&title={title}&year={year}&imdb={imdb}&t={now}",
    "play_episode" : "plugin://plugin.video.thecrew/?action=play&tvshowtitle={showname}&season={season}&episode={episode}&imdb={imdb}&t={now}"
}