<?xml version="1.0" encoding="UTF-8"?>
<window>
	<defaultcontrol>9000</defaultcontrol>
	<onload>SetFocus(2000)</onload>
	<backgroundcolor>background</backgroundcolor>
	<onload condition="!Skin.HasSetting(firsttimerun)">ActivateWindow(1112)</onload>
  <onload condition="Skin.HasSetting(firsttimerun)">RunScript(script.nimbus.helper,mode=check_for_update&amp;skin_id=skin.nimbus)</onload>
	<onload>RunScript(script.nimbus.helper,mode=check_for_profile_change&amp;skin_id=skin.nimbus)</onload>
	<onload>RunScript(script.nimbus.helper,mode=modify_keymap)</onload>
	<!-- <onload>RunScript(script.nimbus.helper,mode=fix_black_screen)</onload> -->
	<onload condition="String.IsEmpty(Skin.String(BlurRadius))">Skin.SetString(BlurRadius,40)</onload>	
	<onload condition="String.IsEmpty(Skin.String(BlurSaturation))">Skin.SetString(BlurSaturation,2.5)</onload>	
	<onload condition="String.IsEmpty(Skin.String(trailerSetting))">Skin.SetString(trailerSetting,0)</onload>	
	<onload condition="String.IsEmpty(Skin.String(waitInterval))">Skin.SetString(waitInterval,1)</onload>	
	<onload condition="String.IsEmpty(Skin.String(titleSetting))">Skin.SetString(titleSetting,0)</onload>	
	<onload condition="String.IsEmpty(Skin.String(onBackSetting))">Skin.SetString(onBackSetting,0)</onload>	
	<onload condition="String.IsEmpty(Skin.String(onLeftSetting))">Skin.SetString(onLeftSetting,0)</onload>	
	<onload condition="String.IsEmpty(Skin.String(current_search_provider))">Skin.SetString(current_search_provider,0)</onload>
	<controls>
		<include>DefaultBackground</include>
		<include>FlixFanart</include>
		<control type="group">
			<animation effect="fade" start="100" end="0" time="200" tween="sine" condition="$EXP[infodialog_active]">Conditional</animation>
			<!-- WIDGETS GROUP -->
			<control type="group" id="2000">
				<top>510</top>
				<include>OpenClose_Right</include>
				<control type="group" id="27000">
					<visible>false</visible>
					<include content="Visible_Right_Delayed">
						<param name="id" value="addons"/>
					</include>
					<control type="grouplist" id="27001">
						<include>WidgetGroupListCommon</include>
						<pagecontrol>27010</pagecontrol>
						<include content="WidgetListSquare">
							<param name="content_path" value="addons://sources/video/"/>
							<param name="widget_header" value="$LOCALIZE[1037]"/>
							<param name="widget_target" value="videos"/>
							<param name="sortby" value="lastused"/>
							<param name="sortorder" value="descending"/>
							<param name="list_id" value="27100"/>
							<param name="fallback_icon" value="DefaultAddon.png"/>
						</include>
						<include content="WidgetListSquare">
							<param name="content_path" value="addons://sources/executable/"/>
							<param name="widget_header" value="$LOCALIZE[1043]"/>
							<param name="widget_target" value="programs"/>
							<param name="sortby" value="lastused"/>
							<param name="sortorder" value="descending"/>
							<param name="list_id" value="27300"/>
							<param name="fallback_icon" value="DefaultAddon.png"/>
						</include>
					</control>
				</control>
				<!-- MOVIES -->
				<control type="group" id="19000">
					<visible>String.IsEqual(Container(9000).ListItem.Property(id),movies)</visible>
					<include content="Visible_Right_Delayed">
						<param name="id" value="movies"/>
					</include>
					<control type="grouplist" id="19001">
						<include content="Animation_Widget_Poster_Slide">
							<param name="container" value="19001" />
						</include>
						<include>WidgetGroupListCommon</include>
						<pagecontrol>19099</pagecontrol>
						<include content="MovieWidgets" condition="!Skin.HasSetting(HomeMenuNoMoviesButton)" />
					</control>
					<include content="WidgetScrollbar" condition="Skin.HasSetting(touchmode)">
						<param name="scrollbar_id" value="19099"/>
					</include>
				</control>
				<!-- TV SHOWS -->
				<control type="group" id="22000">
					<visible>String.IsEqual(Container(9000).ListItem.Property(id),tvshows)</visible>
					<include content="Visible_Right_Delayed">
						<param name="id" value="tvshows"/>
					</include>
					<control type="grouplist" id="22001">
						<include content="Animation_Widget_Poster_Slide">
							<param name="container" value="22001" />
						</include>
						<include>WidgetGroupListCommon</include>
						<pagecontrol>22099</pagecontrol>
						<include content="TVShowWidgets" condition="!Skin.HasSetting(HomeMenuNoTVShowsButton)" />
					</control>
					<include content="WidgetScrollbar" condition="Skin.HasSetting(touchmode)">
						<param name="scrollbar_id" value="22099"/>
					</include>
				</control>
				<!-- CUSTOM 1 -->
				<control type="group" id="23000">
					<visible>String.IsEqual(Container(9000).ListItem.Property(id),custom1)</visible>
					<include content="Visible_Right_Delayed">
						<param name="id" value="custom1"/>
					</include>
					<control type="grouplist" id="23001">
						<include content="Animation_Widget_Poster_Slide">
							<param name="container" value="23001" />
						</include>
						<include>WidgetGroupListCommon</include>
						<pagecontrol>23099</pagecontrol>
						<include content="Custom1Widgets" condition="!Skin.HasSetting(HomeMenuNoCustom1Button)" />
					</control>
					<include content="WidgetScrollbar" condition="Skin.HasSetting(touchmode)">
						<param name="scrollbar_id" value="23099"/>
					</include>
				</control>
				<!-- CUSTOM 2 -->
				<control type="group" id="24000">
					<visible>String.IsEqual(Container(9000).ListItem.Property(id),custom2)</visible>
					<include content="Visible_Right_Delayed">
						<param name="id" value="custom2"/>
					</include>
					<control type="grouplist" id="24001">
						<include content="Animation_Widget_Poster_Slide">
							<param name="container" value="24001" />
						</include>
						<include>WidgetGroupListCommon</include>
						<pagecontrol>24099</pagecontrol>
						<include content="Custom2Widgets" condition="!Skin.HasSetting(HomeMenuNoCustom2Button)" />
					</control>
					<include content="WidgetScrollbar" condition="Skin.HasSetting(touchmode)">
						<param name="scrollbar_id" value="24099"/>
					</include>
				</control>
				<!-- CUSTOM 3 -->
				<control type="group" id="25000">
					<visible>String.IsEqual(Container(9000).ListItem.Property(id),custom3)</visible>
					<include content="Visible_Right_Delayed">
						<param name="id" value="custom3"/>
					</include>
					<control type="grouplist" id="25001">
						<include content="Animation_Widget_Poster_Slide">
							<param name="container" value="25001" />
						</include>
						<include>WidgetGroupListCommon</include>
						<pagecontrol>25099</pagecontrol>
						<include content="Custom3Widgets" condition="!Skin.HasSetting(HomeMenuNoCustom3Button)" />
					</control>
					<include content="WidgetScrollbar" condition="Skin.HasSetting(touchmode)">
						<param name="scrollbar_id" value="25099"/>
					</include>
				</control>
				<control type="group" id="7000">
					<visible>String.IsEqual(Container(9000).ListItem.Property(id),music)</visible>
					<include content="Visible_Right_Delayed">
						<param name="id" value="music"/>
					</include>
					<control type="grouplist" id="7001">
						<include content="Animation_Widget_Poster_Slide">
							<param name="container" value="7001" />
						</include>
						<include>WidgetGroupListCommon</include>
						<pagecontrol>7010</pagecontrol>
						<include content="WidgetListSquare" condition="Library.HasContent(music) + !Skin.HasSetting(home_no_categories_widget)">
							<param name="content_path" value="library://music/"/>
							<param name="widget_header" value="$LOCALIZE[31148]"/>
							<param name="widget_target" value="music"/>
							<param name="list_id" value="7900"/>
						</include>
						<include content="WidgetListSquare" condition="Library.HasContent(music)">
							<param name="content_path" value="musicdb://recentlyplayedalbums"/>
							<param name="widget_header" value="$LOCALIZE[517]"/>
							<param name="widget_target" value="music"/>
							<param name="list_id" value="7100"/>
							<param name="fallback_icon" value="DefaultMusicAlbums.png"/>
							<param name="onclick_condition" value="true"/>
							<param name="onclick_action" value="$VAR[AlbumOnClickActionVar]"/>
						</include>
						<include content="WidgetListSquare" condition="Library.HasContent(music)">
							<param name="content_path" value="musicdb://recentlyaddedalbums/"/>
							<param name="widget_header" value="$LOCALIZE[359]"/>
							<param name="widget_target" value="music"/>
							<param name="list_id" value="7200"/>
							<param name="fallback_icon" value="DefaultMusicAlbums.png"/>
							<param name="onclick_condition" value="true"/>
							<param name="onclick_action" value="$VAR[AlbumOnClickActionVar]"/>
						</include>
						<include content="WidgetListSquare" condition="Library.HasContent(music)">
							<param name="content_path" value="special://skin/playlists/random_albums.xsp"/>
							<param name="widget_header" value="$LOCALIZE[31012]"/>
							<param name="widget_target" value="music"/>
							<param name="list_id" value="7300"/>
							<param name="fallback_icon" value="DefaultMusicAlbums.png"/>
							<param name="onclick_condition" value="true"/>
							<param name="onclick_action" value="$VAR[AlbumOnClickActionVar]"/>
						</include>
						<include content="WidgetListSquare" condition="Library.HasContent(music)">
							<param name="content_path" value="special://skin/playlists/random_artists.xsp"/>
							<param name="widget_header" value="$LOCALIZE[31013]"/>
							<param name="widget_target" value="music"/>
							<param name="list_id" value="7400"/>
							<param name="fallback_icon" value="DefaultMusicArtists.png"/>
						</include>
						<include content="WidgetListSquare" condition="Library.HasContent(music)">
							<param name="content_path" value="special://skin/playlists/unplayed_albums.xsp"/>
							<param name="widget_header" value="$LOCALIZE[31014]"/>
							<param name="widget_target" value="music"/>
							<param name="list_id" value="7500"/>
							<param name="fallback_icon" value="DefaultMusicAlbums.png"/>
							<param name="onclick_condition" value="true"/>
							<param name="onclick_action" value="$VAR[AlbumOnClickActionVar]"/>
						</include>
						<include content="WidgetListSquare" condition="Library.HasContent(music)">
							<param name="content_path" value="special://skin/playlists/mostplayed_albums.xsp"/>
							<param name="widget_header" value="$LOCALIZE[31011]"/>
							<param name="widget_target" value="music"/>
							<param name="list_id" value="7600"/>
							<param name="fallback_icon" value="DefaultMusicAlbums.png"/>
							<param name="sortby" value="playcount"/>
							<param name="sortorder" value="descending"/>
							<param name="onclick_condition" value="true"/>
							<param name="onclick_action" value="$VAR[AlbumOnClickActionVar]"/>
						</include>
					</control>
					<include content="ImageWidget" condition="!Library.HasContent(music)">
						<param name="left">500</param>
						<param name="text_label" value="$LOCALIZE[31104]" />
						<param name="button_label" value="$LOCALIZE[31110]" />
						<param name="button_onclick" value="ActivateWindow(music,files)"/>
						<param name="button_id" value="7600"/>
						<param name="button2_onclick" value="Skin.SetBool(HomeMenuNoMusicButton)"/>
					</include>
					<include content="WidgetScrollbar" condition="Skin.HasSetting(touchmode)">
						<param name="scrollbar_id" value="7010"/>
					</include>
				</control>
				<control type="group" id="8000">
					<visible>String.IsEqual(Container(9000).ListItem.Property(id),addons)</visible>
					<include content="Visible_Right_Delayed">
						<param name="id" value="addons"/>
					</include>
					<control type="grouplist" id="8001">
						<include content="Animation_Widget_Poster_Slide">
							<param name="container" value="8001" />
						</include>
						<include>WidgetGroupListCommon</include>
						<pagecontrol>8010</pagecontrol>
						<include content="WidgetListSquare" condition="!Skin.HasSetting(home_no_categories_widget)" >
							<param name="content_path" value="addons://"/>
							<param name="widget_header" value="$LOCALIZE[31148]"/>
							<param name="widget_target" value="addonbrowser"/>
							<param name="list_id" value="8900"/>
							<param name="visible" value="Integer.IsGreater(Container(8100).NumItems,0) | Integer.IsGreater(Container(8200).NumItems,0) | Integer.IsGreater(Container(8300).NumItems,0) | Integer.IsGreater(Container(8400).NumItems,0) | Integer.IsGreater(Container(8500).NumItems,0) | Integer.IsGreater(Container(8700).NumItems,0)"/>
						</include>
						<include content="WidgetListSquare">
							<param name="content_path" value="addons://sources/video/"/>
							<param name="widget_header" value="$LOCALIZE[1037]"/>
							<param name="widget_target" value="videos"/>
							<param name="sortby" value="lastused"/>
							<param name="sortorder" value="descending"/>
							<param name="list_id" value="8100"/>
							<param name="fallback_icon" value="DefaultAddon.png"/>
						</include>
						<include content="WidgetListSquare">
							<param name="content_path" value="addons://sources/audio/"/>
							<param name="widget_header" value="$LOCALIZE[1038]"/>
							<param name="widget_target" value="music"/>
							<param name="sortby" value="lastused"/>
							<param name="sortorder" value="descending"/>
							<param name="list_id" value="8200"/>
							<param name="fallback_icon" value="DefaultAddon.png"/>
						</include>
						<include content="WidgetListSquare">
							<param name="content_path" value="addons://sources/game/"/>
							<param name="widget_header" value="$LOCALIZE[35049]"/>
							<param name="widget_target" value="games"/>
							<param name="sortby" value="lastused"/>
							<param name="sortorder" value="descending"/>
							<param name="list_id" value="8700"/>
							<param name="fallback_icon" value="DefaultAddonGame.png"/>
							<param name="visible" value="System.GetBool(gamesgeneral.enable)"/>
						</include>
						<include content="WidgetListSquare">
							<param name="content_path" value="addons://sources/executable/"/>
							<param name="widget_header" value="$LOCALIZE[1043]"/>
							<param name="widget_target" value="programs"/>
							<param name="sortby" value="lastused"/>
							<param name="sortorder" value="descending"/>
							<param name="list_id" value="8300"/>
							<param name="fallback_icon" value="DefaultAddon.png"/>
						</include>
						<include content="WidgetListSquare" condition="System.Platform.Android">
							<param name="content_path" value="androidapp://sources/apps/"/>
							<param name="widget_header" value="$LOCALIZE[20244]"/>
							<param name="widget_target" value="programs"/>
							<param name="sortby" value="lastused"/>
							<param name="sortorder" value="descending"/>
							<param name="list_id" value="8400"/>
							<param name="fallback_icon" value="DefaultAddon.png"/>
						</include>
						<include content="WidgetListSquare">
							<param name="content_path" value="addons://sources/image/"/>
							<param name="widget_header" value="$LOCALIZE[1039]"/>
							<param name="widget_target" value="pictures"/>
							<param name="sortby" value="lastused"/>
							<param name="sortorder" value="descending"/>
							<param name="list_id" value="8500"/>
						</include>
					</control>
					<include content="ImageWidget">
						<param name="text_label" value="$LOCALIZE[31119]" />
						<param name="left">500</param>
						<param name="button_label" value="$LOCALIZE[31118]" />
						<param name="button_onclick" value="ActivateWindow(addonbrowser)"/>
						<param name="button_id" value="8600"/>
						<param name="visible" value="!Integer.IsGreater(Container(8001).NumItems,0)"/>
						<param name="button2_onclick" value="Skin.SetBool(HomeMenuNoProgramsButton)"/>
					</include>
					<include content="WidgetScrollbar" condition="Skin.HasSetting(touchmode)">
						<param name="scrollbar_id" value="8010"/>
					</include>
				</control>
				<control type="group" id="11000">
					<visible>String.IsEqual(Container(9000).ListItem.Property(id),video)</visible>
					<include content="Visible_Right_Delayed">
						<param name="id" value="video"/>
					</include>
					<control type="grouplist" id="11001">
						<include content="Animation_Widget_Poster_Slide">
							<param name="container" value="11001" />
						</include>
						<include>WidgetGroupListCommon</include>
						<pagecontrol>11010</pagecontrol>
						<include content="WidgetListSquare">
							<param name="content_path" value="library://video/"/>
							<param name="widget_header" value="$LOCALIZE[31148]"/>
							<param name="widget_target" value="videos"/>
							<param name="list_id" value="11900"/>
						</include>
						<include content="WidgetListSquare">
							<param name="content_path" value="sources://video/"/>
							<param name="widget_header" value="$LOCALIZE[20094]"/>
							<param name="widget_target" value="videos"/>
							<param name="list_id" value="11100"/>
						</include>
						<include content="WidgetListSquare">
							<param name="content_path" value="special://videoplaylists/"/>
							<param name="widget_header" value="$LOCALIZE[136]"/>
							<param name="widget_target" value="videos"/>
							<param name="list_id" value="11200"/>
							<param name="icon" value="DefaultPlaylist.png"/>
						</include>
					</control>
					<include content="ImageWidget">
						<param name="text_label" value="$LOCALIZE[31105]" />
						<param name="left">500</param>
						<param name="button_label" value="$LOCALIZE[31110]" />
						<param name="button_onclick" value="ActivateWindow(videos,root)"/>
						<param name="button_id" value="11300"/>
						<param name="visible" value="!Integer.IsGreater(Container(11001).NumItems,0)"/>
						<param name="button2_onclick" value="Skin.SetBool(HomeMenuNoVideosButton)"/>
					</include>
					<include content="WidgetScrollbar" condition="Skin.HasSetting(touchmode)">
						<param name="scrollbar_id" value="11010"/>
					</include>
				</control>
				<control type="group" id="12000">
					<visible>String.IsEqual(Container(9000).ListItem.Property(id),livetv)</visible>
					<include content="Visible_Right_Delayed">
						<param name="id" value="livetv"/>
					</include>
					<control type="grouplist" id="12001">
						<include content="Animation_Widget_Poster_Slide">
							<param name="container" value="12001" />
						</include>
						<include>WidgetGroupListCommon</include>
						<pagecontrol>12010</pagecontrol>
						<include content="WidgetListSquare" condition="System.HasPVRAddon + !Skin.HasSetting(home_no_categories_widget)">
							<param name="content_path" value="pvr://tv/"/>
							<param name="widget_header" value="$LOCALIZE[31148]"/>
							<param name="list_id" value="12900"/>
						</include>
						<include content="WidgetListPVR" condition="System.HasPVRAddon">
							<param name="content_path" value="pvr://channels/tv/*?view=lastplayed"/>
							<param name="sortby" value="lastplayed"/>
							<param name="sortorder" value="descending"/>
							<param name="widget_header" value="$LOCALIZE[31016]"/>
							<param name="item_limit" value="15"/>
							<param name="list_id" value="12200"/>
							<param name="info_update" value="5000"/>
						</include>
						<include content="WidgetListPVR" condition="System.HasPVRAddon">
							<param name="content_path" value="pvr://recordings/tv/active?view=flat"/>
							<param name="sortby" value="date"/>
							<param name="sortorder" value="descending"/>
							<param name="widget_header" value="$LOCALIZE[31015]"/>
							<param name="item_limit" value="15"/>
							<param name="list_id" value="12300"/>
							<param name="label" value="$INFO[ListItem.Title]$INFO[ListItem.Date, (,)]"/>
							<param name="label2" value="$VAR[SeasonEpisodeLabel]$INFO[ListItem.EpisodeName]"/>
						</include>
						<include content="WidgetListPVR" condition="System.HasPVRAddon">
							<param name="content_path" value="pvr://timers/tv/timers/?view=hidedisabled"/>
							<param name="sortorder" value="ascending"/>
							<param name="sortby" value="date"/>
							<param name="widget_header" value="$LOCALIZE[19040]"/>
							<param name="widget_target" value="tvtimers"/>
							<param name="item_limit" value="15"/>
							<param name="list_id" value="12400"/>
							<param name="label" value="$INFO[ListItem.Title]$INFO[ListItem.Date, (,)]"/>
							<param name="label2" value="$VAR[SeasonEpisodeLabel]$INFO[ListItem.EpisodeName]"/>
						</include>
						<include content="WidgetListPVR" condition="System.HasPVRAddon">
							<param name="content_path" value="pvr://channels/tv"/>
							<param name="widget_header" value="$LOCALIZE[19173]"/>
							<param name="widget_target" value="tvguide"/>
							<param name="list_id" value="12500"/>
							<param name="item_treshold" value="1"/>
						</include>
						<include content="WidgetListPVR" condition="System.HasPVRAddon">
							<param name="content_path" value="pvr://search/tv/savedsearches"/>
							<param name="sortorder" value="descending"/>
							<param name="sortby" value="date"/>
							<param name="widget_header" value="$LOCALIZE[19337]"/>
							<param name="widget_target" value="tvsearch"/>
							<param name="list_id" value="12600"/>
						</include>
					</control>
					<include content="ImageWidget" condition="!System.HasPVRAddon">
						<param name="left">500</param>
						<param name="text_label" value="$LOCALIZE[31143]" />
						<param name="button_label" value="$LOCALIZE[31144]" />
						<param name="button_onclick" value="ActivateWindow(addonbrowser,addons://default_binary_addons_source/kodi.pvrclient,return)"/>
						<param name="button_id" value="12400"/>
						<param name="button2_onclick" value="Skin.SetBool(HomeMenuNoTVButton)"/>
					</include>
					<include content="WidgetScrollbar" condition="Skin.HasSetting(touchmode)">
						<param name="scrollbar_id" value="12010"/>
					</include>
				</control>
				<control type="group" id="13000">
					<visible>String.IsEqual(Container(9000).ListItem.Property(id),radio)</visible>
					<include content="Visible_Right_Delayed">
						<param name="id" value="radio"/>
					</include>
					<control type="grouplist" id="13001">
						<include content="Animation_Widget_Poster_Slide">
							<param name="container" value="13001" />
						</include>
						<include>WidgetGroupListCommon</include>
						<pagecontrol>13010</pagecontrol>
						<include content="WidgetListSquare" condition="System.HasPVRAddon">
							<param name="content_path" value="pvr://radio/"/>
							<param name="widget_header" value="$LOCALIZE[31148]"/>
							<param name="list_id" value="13900"/>
						</include>
						<include content="WidgetListPVR" condition="System.HasPVRAddon">
							<param name="content_path" value="pvr://channels/radio/*?view=lastplayed"/>
							<param name="sortby" value="lastplayed"/>
							<param name="sortorder" value="descending"/>
							<param name="widget_header" value="$LOCALIZE[31018]"/>
							<param name="item_limit" value="15"/>
							<param name="list_id" value="13200"/>
							<param name="info_update" value="5000"/>
						</include>
						<include content="WidgetListPVR" condition="System.HasPVRAddon">
							<param name="content_path" value="pvr://recordings/radio/active?view=flat"/>
							<param name="sortby" value="date"/>
							<param name="sortorder" value="descending"/>
							<param name="widget_header" value="$LOCALIZE[31015]"/>
							<param name="item_limit" value="15"/>
							<param name="list_id" value="13300"/>
							<param name="label" value="$INFO[ListItem.Title]$INFO[ListItem.Date, (,)]"/>
							<param name="label2" value="$VAR[SeasonEpisodeLabel]$INFO[ListItem.EpisodeName]"/>
						</include>
						<include content="WidgetListPVR" condition="System.HasPVRAddon">
							<param name="content_path" value="pvr://timers/radio/timers/?view=hidedisabled"/>
							<param name="sortorder" value="ascending"/>
							<param name="sortby" value="date"/>
							<param name="widget_header" value="$LOCALIZE[19040]"/>
							<param name="widget_target" value="radiotimers"/>
							<param name="item_limit" value="15"/>
							<param name="list_id" value="13400"/>
							<param name="label" value="$INFO[ListItem.Title]$INFO[ListItem.Date, (,)]"/>
							<param name="label2" value="$VAR[SeasonEpisodeLabel]$INFO[ListItem.EpisodeName]"/>
						</include>
						<include content="WidgetListPVR" condition="System.HasPVRAddon">
							<param name="content_path" value="pvr://channels/radio"/>
							<param name="widget_header" value="$LOCALIZE[19174]"/>
							<param name="widget_target" value="radioguide"/>
							<param name="list_id" value="13500"/>
							<param name="item_treshold" value="1"/>
						</include>
						<include content="WidgetListPVR" condition="System.HasPVRAddon">
							<param name="content_path" value="pvr://search/radio/savedsearches"/>
							<param name="sortorder" value="descending"/>
							<param name="sortby" value="date"/>
							<param name="widget_header" value="$LOCALIZE[19337]"/>
							<param name="widget_target" value="radiosearch"/>
							<param name="list_id" value="13600"/>
						</include>
					</control>
					<include content="ImageWidget" condition="!System.HasPVRAddon">
						<param name="text_label" value="$LOCALIZE[31143]" />
						<param name="left">500</param>
						<param name="button_label" value="$LOCALIZE[31144]" />
						<param name="button_onclick" value="ActivateWindow(addonbrowser,addons://default_binary_addons_source/kodi.pvrclient,return)"/>
						<param name="button_id" value="13400"/>
						<param name="button2_onclick" value="Skin.SetBool(HomeMenuNoRadioButton)"/>
					</include>
					<include content="WidgetScrollbar" condition="Skin.HasSetting(touchmode)">
						<param name="scrollbar_id" value="13010"/>
					</include>
				</control>
				<control type="group" id="14000">
					<visible>String.IsEqual(Container(9000).ListItem.Property(id),favorites)</visible>
					<include content="Visible_Right_Delayed">
						<param name="id" value="favorites"/>
					</include>
					<control type="label">
						<left>50</left>
						<top>90</top>
						<label>$VAR[HomescreenFlixCrumbs]</label>
						<font>font27</font>
						<textcolor>unfocused_text</textcolor>
						<shadowcolor>text_shadow</shadowcolor>
						<scroll>true</scroll>
						<scrollspeed>100</scrollspeed>
						<visible>Control.HasFocus(14100)</visible>
					</control>
					<control type="fixedlist" id="14100">
						<left>0</left>
						<top>107</top>
						<right>0</right>
						<bottom>0</bottom>
						<onback>9000</onback>
						<onleft>9000</onleft>
						<onright>14100</onright>
						<onup>14100</onup>
						<ondown>14100</ondown>
						<preloaditems>2</preloaditems>
						<movement>5</movement>
						<scrolltime tween="cubic" easing="out">500</scrolltime>
						<orientation>horizontal</orientation>
						<pagecontrol>14010</pagecontrol>
						<visible>Integer.IsGreater(Container(14100).NumItems,0) | Container(14100).IsUpdating</visible>
						<itemlayout width="306">
							<control type="group">
								<top>45</top>
								<left>56</left>
								<include content="FlixSquareLayout">
									<param name="fallback_image" value="DefaultFavourites.png" />
									<param name="list_id" value="14100" />
								</include>
							</control>
						</itemlayout>
						<focusedlayout width="306">
							<control type="group">
								<depth>DepthContentPopout</depth>
								<top>45</top>
								<left>56</left>
								<include content="FlixSquareLayout">
									<param name="fallback_image" value="DefaultFavourites.png" />
									<param name="list_id" value="14100" />
									<param name="focused" value="true" />
								</include>
							</control>
						</focusedlayout>
						<content>favourites://</content>
					</control>
					<include content="ImageWidget">
						<param name="text_label" value="$LOCALIZE[31025]" />
						<param name="button_label" value="$LOCALIZE[31116]" />
						<param name="left">500</param>
						<param name="button_onclick" value=""/>
						<param name="button_id" value="5500"/>
						<param name="visible" value="!Integer.IsGreater(Container(14100).NumItems,0) + !Container(14100).IsUpdating"/>
						<param name="visible_1" value="false"/>
						<param name="button2_onclick" value="Skin.SetBool(HomeMenuNoFavButton)"/>
					</include>
					<include content="WidgetScrollbar" condition="Skin.HasSetting(touchmode)">
						<param name="scrollbar_id" value="14010"/>
					</include>
				</control>
				<control type="group" id="15000">
					<visible>String.IsEqual(Container(9000).ListItem.Property(id),weather)</visible>
					<include content="Visible_Right_Delayed">
						<param name="id" value="weather"/>
					</include>
					<include>WeatherPanel</include>
					<control type="grouplist" id="15001">
						<include content="Animation_Widget_Poster_Slide">
							<param name="container" value="15001" />
						</include>
						<include>WidgetGroupListCommon</include>
						<pagecontrol>15010</pagecontrol>
						<include content="WidgetListSquare" condition="!String.IsEmpty(Weather.Plugin)">
							<param name="content_include" value="DailyItems" />
							<param name="list_id" value="15200" />
							<param name="widget_header" value="$LOCALIZE[31019]"/>
							<param name="visible" value="!String.IsEmpty(Window(weather).Property(Daily.IsFetched))" />
						</include>
						<include content="WidgetListSquare" condition="!String.IsEmpty(Weather.Plugin)">
							<param name="content_include" value="HourlyItems" />
							<param name="list_id" value="15100" />
							<param name="widget_header" value="$LOCALIZE[33036]"/>
							<param name="visible" value="!String.IsEmpty(Window(weather).Property(Hourly.IsFetched))" />
						</include>
						<!-- <include content="WeatherMapItem">
							<param name="item_id" value="1" />
							<param name="onup_id" value="15200" />
							<param name="ondown_id" value="70020" />
						</include>
						<include content="WeatherMapItem">
							<param name="item_id" value="2" />
							<param name="onup_id" value="70010" />
							<param name="ondown_id" value="70030" />
						</include>
						<include content="WeatherMapItem">
							<param name="item_id" value="3" />
							<param name="onup_id" value="70020" />
							<param name="ondown_id" value="70040" />
						</include>
						<include content="WeatherMapItem">
							<param name="item_id" value="4" />
							<param name="onup_id" value="70030" />
							<param name="ondown_id" value="70050" />
						</include>
						<include content="WeatherMapItem">
							<param name="item_id" value="5" />
							<param name="onup_id" value="70040" />
							<param name="ondown_id" value="20001" />
						</include> -->
					</control>
					<include content="ImageWidget" condition="String.IsEmpty(Weather.plugin)">
						<param name="text_label" value="$LOCALIZE[31120]" />
						<param name="button_label" value="$LOCALIZE[31121]" />
						<param name="left">500</param>
						<param name="button_onclick" value="ActivateWindow(servicesettings,weather)"/>
						<param name="button_id" value="15300"/>
						<param name="button2_onclick" value="Skin.SetBool(HomeMenuNoWeatherButton)"/>
					</include>
					<include content="WidgetScrollbar" condition="Skin.HasSetting(touchmode)">
						<param name="scrollbar_id" value="15010"/>
					</include>
				</control>
				<control type="group" id="16000">
					<visible>String.IsEqual(Container(9000).ListItem.Property(id),musicvideos)</visible>
					<include content="Visible_Right_Delayed">
						<param name="id" value="musicvideos"/>
					</include>
					<control type="grouplist" id="16001">
						<include content="Animation_Widget_Poster_Slide">
							<param name="container" value="16001" />
						</include>
						<pagecontrol>16010</pagecontrol>
						<include content="WidgetListSquare" condition="Library.HasContent(musicvideos) + !Skin.HasSetting(home_no_categories_widget)">
							<param name="content_path" value="library://video/musicvideos/"/>
							<param name="widget_header" value="$LOCALIZE[31148]"/>
							<param name="widget_target" value="videos"/>
							<param name="list_id" value="16900"/>
						</include>
						<include content="WidgetListEpisodes" condition="Library.HasContent(musicvideos) + !Skin.HasSetting(show_musicvideoposter)">
							<param name="content_path" value="videodb://recentlyaddedmusicvideos/"/>
							<param name="widget_header" value="$LOCALIZE[20390]"/>
							<param name="widget_target" value="videos"/>
							<param name="main_label" value="$INFO[ListItem.Label]" />
							<param name="sub_label" value="$INFO[ListItem.Artist]" />
							<param name="thumb_label" value="$INFO[ListItem.Year]" />
							<param name="fallback_image" value="DefaultMusicSongs.png" />
							<param name="list_id" value="16300"/>
						</include>
						<include content="WidgetListPoster" condition="Library.HasContent(musicvideos) + Skin.HasSetting(show_musicvideoposter)">
							<param name="content_path" value="videodb://recentlyaddedmusicvideos/"/>
							<param name="widget_header" value="$LOCALIZE[20390]"/>
							<param name="widget_target" value="videos"/>
							<param name="fallback_image" value="DefaultMusicSongs.png" />
							<param name="list_id" value="16300"/>
						</include>
						<include content="WidgetListEpisodes" condition="Library.HasContent(musicvideos) + !Skin.HasSetting(show_musicvideoposter)">
							<param name="content_path" value="special://skin/playlists/unwatched_musicvideos.xsp"/>
							<param name="widget_header" value="$LOCALIZE[31151]"/>
							<param name="widget_target" value="videos"/>
							<param name="main_label" value="$INFO[ListItem.Label]" />
							<param name="sub_label" value="$INFO[ListItem.Artist]" />
							<param name="thumb_label" value="$INFO[ListItem.Year]" />
							<param name="fallback_image" value="DefaultMusicSongs.png" />
							<param name="list_id" value="16400"/>
						</include>
						<include content="WidgetListPoster" condition="Library.HasContent(musicvideos) + Skin.HasSetting(show_musicvideoposter)">
							<param name="content_path" value="special://skin/playlists/unwatched_musicvideos.xsp"/>
							<param name="widget_header" value="$LOCALIZE[31151]"/>
							<param name="widget_target" value="videos"/>
							<param name="fallback_image" value="DefaultMusicSongs.png" />
							<param name="list_id" value="16400"/>
						</include>
						<include content="WidgetListSquare" condition="Library.HasContent(musicvideos)">
							<param name="content_path" value="special://skin/playlists/random_musicvideo_artists.xsp"/>
							<param name="widget_header" value="$LOCALIZE[31013]"/>
							<param name="widget_target" value="music"/>
							<param name="list_id" value="16200"/>
							<param name="widget_limit" value="10"/>
						</include>
						<include content="WidgetListEpisodes" condition="Library.HasContent(musicvideos) + !Skin.HasSetting(show_musicvideoposter)">
							<param name="content_path" value="special://skin/playlists/random_musicvideos.xsp"/>
							<param name="widget_header" value="$LOCALIZE[31152]"/>
							<param name="widget_target" value="videos"/>
							<param name="main_label" value="$INFO[ListItem.Label]" />
							<param name="sub_label" value="$INFO[ListItem.Artist]" />
							<param name="thumb_label" value="$INFO[ListItem.Year]" />
							<param name="fallback_image" value="DefaultMusicSongs.png" />
							<param name="list_id" value="16500"/>
						</include>
						<include content="WidgetListPoster" condition="Library.HasContent(musicvideos) + Skin.HasSetting(show_musicvideoposter)">
							<param name="content_path" value="special://skin/playlists/random_musicvideos.xsp"/>
							<param name="widget_header" value="$LOCALIZE[31152]"/>
							<param name="widget_target" value="videos"/>
							<param name="fallback_image" value="DefaultMusicSongs.png" />
							<param name="list_id" value="16500"/>
						</include>
						<include content="WidgetListSquare" condition="Library.HasContent(musicvideos)">
							<param name="content_path" value="videodb://musicvideos/studios/"/>
							<param name="widget_header" value="$LOCALIZE[20388]"/>
							<param name="widget_target" value="music"/>
							<param name="list_id" value="16600"/>
							<param name="icon" value="$VAR[WidgetStudioIconVar]"/>
							<param name="icon_height" value="70"/>
						</include>
					</control>
					<include content="ImageWidget" condition="!Library.HasContent(musicvideos)">
						<param name="text_label" value="$LOCALIZE[31104]" />
						<param name="left">500</param>
						<param name="button_label" value="$LOCALIZE[31110]" />
						<param name="button_onclick" value="ActivateWindow(videos,files,return)"/>
						<param name="button_id" value="16800"/>
						<param name="button2_onclick" value="Skin.SetBool(HomeMenuNoMusicVideoButton)"/>
					</include>
					<include content="WidgetScrollbar" condition="Skin.HasSetting(touchmode)">
						<param name="scrollbar_id" value="16010"/>
					</include>
				</control>
				<control type="group" id="4000">
					<visible>String.IsEqual(Container(9000).ListItem.Property(id),pictures)</visible>
					<include content="Visible_Right_Delayed">
						<param name="id" value="pictures"/>
					</include>
					<control type="grouplist" id="4001">
						<include content="Animation_Widget_Poster_Slide">
							<param name="container" value="4001" />
						</include>
						<include>WidgetGroupListCommon</include>
						<include content="WidgetListSquare" condition="!Skin.HasSetting(HomeMenuNoPicturesButton)">
							<param name="content_path" value="sources://pictures/"/>
							<param name="widget_header" value="$LOCALIZE[20094]"/>
							<param name="widget_target" value="pictures"/>
							<param name="list_id" value="4100"/>
							<param name="icon_height" value="110"/>
						</include>
					</control>
				</control>
				<control type="group" id="17000">
					<visible>String.IsEqual(Container(9000).ListItem.Property(id),games)</visible>
					<include content="Visible_Right_Delayed">
						<param name="id" value="games"/>
					</include>
					<control type="grouplist" id="17001">
						<include content="Animation_Widget_Poster_Slide">
							<param name="container" value="17001" />
						</include>
						<include>WidgetGroupListCommon</include>
						<pagecontrol>17010</pagecontrol>
						<include content="WidgetListSquare">
							<param name="content_path" value="addons://sources/game/"/>
							<param name="widget_header" value="$LOCALIZE[35049]"/>
							<param name="widget_target" value="games"/>
							<param name="sortby" value="lastused"/>
							<param name="sortorder" value="descending"/>
							<param name="list_id" value="17200"/>
							<param name="fallback_icon" value="DefaultAddonGame.png"/>
						</include>
					</control>
					<include content="ImageWidget">
						<param name="text_label" value="$LOCALIZE[31162]" />
						<param name="button_label" value="$LOCALIZE[31144]" />
						<param name="button_onclick" value="ActivateWindow(addonbrowser,addons://default_binary_addons_source/category.gameaddons,return)"/>
						<param name="button_id" value="17100"/>
						<param name="left">500</param>
						<param name="visible" value="!Integer.IsGreater(Container(17001).NumItems,0)"/>
						<param name="button2_onclick" value="Skin.SetBool(HomeMenuNoGamesButton)"/>
					</include>
					<include content="WidgetScrollbar" condition="Skin.HasSetting(touchmode)">
						<param name="scrollbar_id" value="17010"/>
					</include>
				</control>
				<control type="group" id="21000">
					<visible>String.IsEqual(Container(9000).ListItem.Property(id),disc)</visible>
					<include content="Visible_Right_Delayed">
						<param name="id" value="disc"/>
					</include>
					<include content="ImageWidget">
						<param name="text_label" value="$INFO[System.DVDLabel]" />
						<param name="left">500</param>
						<param name="button_label" value="$LOCALIZE[341]" />
						<param name="button_onclick" value="PlayDisc"/>
						<param name="button_id" value="21100"/>
						<param name="visible" value="true"/>
						<param name="button2_label" value="$LOCALIZE[13391]"/>
						<param name="button2_onclick" value="EjectTray()"/>
						<param name="button3_label" value="$LOCALIZE[600]"/>
						<param name="button3_onclick" value="RipCD"/>
						<param name="visible_3" value="System.HasMediaAudioCD"/>
					</include>
				</control>
			</control>
			<include content="TopBar">
				<param name="breadcrumbs_label" value="" />
			</include>
			<!-- <include>BottomBar</include> -->
			<control type="group">
				<depth>DepthContentPanel</depth>
				<control type="group">
					<!-- <width>550</width> -->
					<visible>$EXP[isMovie] | $EXP[isTVShow] | $EXP[isSeason] | $EXP[isEpisode]</visible>
					<include>OpenClose_Left</include>
					<include content="FlixPanel"/>
				</control>
				<include>osd_darkenBG</include>
				<control type="group">
					<animation condition="!ControlGroup(2000).HasFocus">
						<effect type="fade" start="0" end="100" time="300" tween="cubic" easing="in"/>
						<effect type="slide" start="-492,0" end="0,0" time="300" tween="cubic" easing="out" />
					</animation>
					<include>OpenClose_Left</include>
					<include content="ContentPanel">
						<param name="width" value="900"/>
					</include>
					<visible allowhiddenfocus="true">!ControlGroup(2000).HasFocus</visible>
					<control type="fixedlist" id="9000">
						<animation condition="Control.HasFocus(700)" effect="slide" time="500" start="0,0" end="0,150" tween="cubic" easing="inout">Conditional</animation>
						<animation condition="Control.HasFocus(733)" effect="slide" time="500" start="0,0" end="0,150" tween="cubic" easing="inout">Conditional</animation>
						<left>25</left>
						<top>250</top>
            <width>825</width>
						<height>533</height>
						<movement>6</movement>
						<focusposition>0</focusposition>
						<onfocus>ClearProperty(listposition,home)</onfocus>
						<onright>SetFocus($INFO[Container(9000).ListItem.Property(menu_id)])</onright>
						<onleft condition="String.IsEqual(Container(9000).ListItem.Property(id),movies) | String.IsEqual(Container(9000).ListItem.Property(id),tvshows) | String.IsEqual(Container(9000).ListItem.Property(id),custom1) | String.IsEqual(Container(9000).ListItem.Property(id),custom2) | String.IsEqual(Container(9000).ListItem.Property(id),custom3)">733</onleft>
						<onback>700</onback>
						<onup>700</onup>
						<ondown>9000</ondown>
						<scrolltime tween="cubic" easing="out">500</scrolltime>
						<include content="List">
              <param name="id" value="9000" />
            </include>
						<content>
							<!-- MOVIES 19000 -->
							<include content="MoviesMainMenu" condition="!Skin.HasSetting(HomeMenuNoMoviesButton)" />
							<!-- TVSHOWS 22000 -->
							<include content="TVShowsMainMenu" condition="!Skin.HasSetting(HomeMenuNoTVShowsButton)" />
							<!-- CUSTOM 1 23000 -->
							<include content="Custom1MainMenu" condition="!Skin.HasSetting(HomeMenuNoCustom1Button)" />
							<!-- CUSTOM 2 24000 -->
							<include content="Custom2MainMenu" condition="!Skin.HasSetting(HomeMenuNoCustom2Button)" />
							<!-- CUSTOM 3 25000 -->
							<include content="Custom3MainMenu" condition="!Skin.HasSetting(HomeMenuNoCustom3Button)" />
							<item>
								<label>$LOCALIZE[2]</label>
								<onclick>ActivateWindow(Music,root,return)</onclick>
								<property name="menu_id">$NUMBER[7000]</property>
								<property name="id">music</property>
								<visible>!Skin.HasSetting(HomeMenuNoMusicButton)</visible>
							</item>
							<item>
								<label>$LOCALIZE[427]</label>
								<onclick>PlayDisc</onclick>
								<property name="menu_id">$NUMBER[21000]</property>
								<property name="id">disc</property>
								<visible>System.HasMediaDVD</visible>
							</item>
							<item>
								<label>$LOCALIZE[20389]</label>
								<property name="menu_id">$NUMBER[16000]</property>
								<onclick>ActivateWindow(Videos,musicvideos,return)</onclick>
								<property name="id">musicvideos</property>
								<visible>!Skin.HasSetting(HomeMenuNoMusicVideoButton)</visible>
							</item>
							<item>
								<label>Live TV</label>
								<property name="menu_id">$NUMBER[12000]</property>
								<onclick>ActivateWindow(TVGuide)</onclick>
								<property name="id">livetv</property>
								<visible>!Skin.HasSetting(HomeMenuNoTVButton)</visible>
							</item>
							<item>
								<label>$LOCALIZE[19021]</label>
								<property name="menu_id">$NUMBER[13000]</property>
								<onclick>ActivateWindow(RadioChannels)</onclick>
								<property name="id">radio</property>
								<visible>!Skin.HasSetting(HomeMenuNoRadioButton)</visible>
							</item>
							<item>
								<label>$LOCALIZE[15016]</label>
								<property name="menu_id">$NUMBER[17000]</property>
								<onclick>ActivateWindow(Games)</onclick>
								<property name="id">games</property>
								<visible>System.GetBool(gamesgeneral.enable) + !Skin.HasSetting(HomeMenuNoGamesButton)</visible>
							</item>
							<item>
								<label>$LOCALIZE[24001]</label>
								<property name="menu_id">$NUMBER[8000]</property>
								<onclick>ActivateWindow(1100)</onclick>
								<property name="id">addons</property>
								<visible>!Skin.HasSetting(HomeMenuNoProgramsButton)</visible>
							</item>
							<item>
								<label>$LOCALIZE[1]</label>
								<onclick>ActivateWindow(Pictures)</onclick>
								<property name="menu_id">$NUMBER[4000]</property>
								<property name="id">pictures</property>
								<visible>!Skin.HasSetting(HomeMenuNoPicturesButton)</visible>
							</item>
							<item>
								<label>$LOCALIZE[3]</label>
								<onclick>ActivateWindow(Videos,root)</onclick>
								<property name="menu_id">$NUMBER[11000]</property>
								<property name="id">video</property>
								<visible>!Skin.HasSetting(HomeMenuNoVideosButton)</visible>
							</item>
							<item>
								<label>$LOCALIZE[10134]</label>
								<onclick>ActivateWindow(favouritesbrowser)</onclick>
								<property name="menu_id">$NUMBER[14000]</property>
								<property name="id">favorites</property>
								<visible>!Skin.HasSetting(HomeMenuNoFavButton)</visible>
							</item>
							<item>
								<label>$LOCALIZE[8]</label>
								<onclick condition="!String.IsEmpty(Weather.Plugin)">Weather.LocationNext</onclick>
								<onclick condition="String.IsEmpty(Weather.Plugin)">ReplaceWindow(servicesettings,weather)</onclick>
								<property name="menu_id">$NUMBER[15000]</property>
								<property name="id">weather</property>
								<visible>!Skin.HasSetting(HomeMenuNoWeatherButton)</visible>
							</item>
						</content>
					</control>
					<control type="fixedlist" id="700">
						<visible allowhiddenfocus="true">Control.HasFocus(700)</visible>
						<animation effect="slide" time="500" start="0,-370" end="0,0" tween="cubic" easing="inout">VisibleChange</animation>
						<orientation>vertical</orientation>
						<left>25</left>
						<top>200</top>
            <width>825</width>
						<height>160</height>
						<onup>700</onup>
						<ondown>9000</ondown>
						<onleft>9000</onleft>
						<onright>9000</onright>
						<onback>9000</onback>
						<focusposition>1</focusposition>
						<movement>1</movement>
						<include content="List">
              <param name="id" value="700" />
              <param name="height" value="50" />
              <param name="img_top" value="11.5" />
              <param name="img_bottom" value="-10" />
              <param name="img_width" value="5" />
              <param name="img_left" value="50" />
              <param name="focused_font" value="font40_title" />
              <param name="unfocused_font" value="font27" />
            </include>
						<content>
							<item>
								<label>exit kodi</label>
								<onclick>Quit()</onclick>
								<visible>Skin.HasSetting(OneClickClose)</visible>
							</item>
							<item>
								<label>shutdown menu</label>
								<onclick>ActivateWindow(shutdownmenu)</onclick>
								<visible>!Skin.HasSetting(OneClickClose)</visible>
							</item>
							<item>
								<label>settings</label>
								<onclick>ActivateWindow(settings)</onclick>
							</item>
							<!-- <item>
								<label>skin settings</label>
								<onclick>ActivateWindow(skinsettings)</onclick>
							</item> -->
							<item>
								<label>change color theme</label>
								<onclick>ActivateWindowAndFocus(appearancesettings, -100,0,-76,0)</onclick>
							</item>
							<item>
								<label>search</label>
								<onclick>ActivateWindow(1107)</onclick>
								<visible>Skin.HasSetting(NoSearchResultsWindow)</visible>
							</item>
							<item>
								<label>search</label>
								<onclick>RunScript(script.nimbus.helper,mode=search_input)</onclick>
								<visible>!Skin.HasSetting(NoSearchResultsWindow) + Skin.HasSetting(DefaultSearchWindowBehavior)</visible>
							</item>
							<item>
								<label>search</label>
								<onclick>RunScript(script.nimbus.helper,mode=open_search_window)</onclick>
								<visible>!Skin.HasSetting(NoSearchResultsWindow) + !Skin.HasSetting(DefaultSearchWindowBehavior)</visible>
							</item>
							<item>
								<label>fullscreen</label>
								<onclick>Fullscreen</onclick>
								<visible>Player.HasMedia</visible>
							</item>
						</content>
					</control>
					<control type="fixedlist" id="733">
						<visible allowhiddenfocus="true">Control.HasFocus(733)</visible>
						<animation effect="slide" time="500" start="0,-370" end="0,0" tween="cubic" easing="inout">VisibleChange</animation>
						<orientation>vertical</orientation>
						<left>25</left>
						<top>200</top>
            <width>825</width>
						<height>160</height>
						<onup>733</onup>
						<ondown>9000</ondown>
						<onleft>9000</onleft>
						<onright>9000</onright>
						<onback>9000</onback>
						<focusposition>1</focusposition>
						<movement>1</movement>
						<include content="List">
              <param name="id" value="733" />
              <param name="height" value="50" />
              <param name="img_top" value="11.5" />
              <param name="img_bottom" value="-10" />
              <param name="img_width" value="5" />
              <param name="img_left" value="50" />
              <param name="focused_font" value="font40_title" />
              <param name="unfocused_font" value="font27" />
            </include>
						<content>
							<item>
								<label>main menu</label>
								<onclick>$VAR[EditMainMenusVar]</onclick>
							</item>
							<item>
								<label>widgets</label>
								<onclick>$VAR[EditWidgetsVar]</onclick>
							</item>
						</content>
					</control>
					<include content="MiniMenuLabels">
						<param name="visible" value="Control.HasFocus(700)"/>
						<param name="top" value="125"/>
						<param name="label" value="[UPPERCASE]Mini Menu[/UPPERCASE]"/>
					</include>
					<include content="MiniMenuLabels">
						<param name="visible" value="Control.HasFocus(733)"/>
						<param name="top" value="175"/>
						<param name="label" value="[UPPERCASE]Edit $INFO[Container(9000).ListItem.Label] Section[/UPPERCASE]"/>
					</include>
				</control>
			</control>
			<control type="group">
				<depth>DepthBars</depth>
				<bottom>0</bottom>
				<height>70</height>
				<animation effect="fade" start="0" end="100" time="300" delay="300">WindowOpen</animation>
				<animation effect="fade" start="100" end="0" time="200">WindowClose</animation>
				<include condition="!Skin.HasSetting(hide_mediaflags)" content="MediaFlags">
					<param name="infolabel_prefix" value="Container." />
					<param name="resolution_var" value="$VAR[ContainerResolutionFlagVar]" />
				</include>
				<control type="rss">
					<animation effect="slide" end="0,90" time="300" tween="sine" easing="inout" condition="$EXP[infodialog_active]">conditional</animation>
					<left>0</left>
					<bottom>0</bottom>
					<height>39</height>
					<width>100%</width>
					<font>font12</font>
					<urlset>1</urlset>
					<hitrect x="-100" y="0" w="1" h="1" />
					<titlecolor>button_focus</titlecolor>
					<textcolor>button_focus</textcolor>
					<shadowcolor>text_shadow</shadowcolor>
					<headlinecolor>FFC0C0C0</headlinecolor>
					<visible>Skin.HasSetting(hide_mediaflags) | !ControlGroup(2000).HasFocus</visible>
					<animation effect="fade" time="300">VisibleChange</animation>
				</control>
			</control>
		</control>
	</controls>
</window>
