<?xml version="1.0" encoding="UTF-8"?>
<includes>
    <include name="TVShowWidgets">
        <include content="WidgetListSquare">
            <param name="content_path" value="plugin://plugin.video.themoviedb.helper/?info=trakt_ondeck&amp;tmdb_type=tv"/>
            <param name="widget_header" value="[I]Currently Watching[/I]"/>
            <param name="widget_target" value="videos"/>
            <param name="list_id" value="22011"/>
        </include>
        <include content="WidgetListPoster">
            <param name="content_path" value="plugin://plugin.video.themoviedb.helper/?info=trakt_trending&amp;tmdb_type=tv"/>
            <param name="widget_header" value="[B]Trending[/B]"/>
            <param name="widget_target" value="videos"/>
            <param name="list_id" value="22012"/>
        </include>
        <include content="WidgetListPoster">
            <param name="content_path" value="plugin://plugin.video.themoviedb.helper/?info=discover&amp;tmdb_type=tv&amp;with_watch_providers=8&amp;watch_region=US&amp;with_id=True"/>
            <param name="widget_header" value="[COLOR red]Netflix[/COLOR]"/>
            <param name="widget_target" value="videos"/>
            <param name="list_id" value="22013"/>
        </include>
        <include content="WidgetListPoster">
            <param name="content_path" value="plugin://plugin.video.themoviedb.helper/?info=discover&amp;tmdb_type=tv&amp;with_watch_providers=9&amp;watch_region=US&amp;with_id=True"/>
            <param name="widget_header" value="[COLOR dodgerblue]Amazon Prime[/COLOR]"/>
            <param name="widget_target" value="videos"/>
            <param name="list_id" value="22014"/>
        </include>
        <include content="WidgetListPoster">
            <param name="content_path" value="plugin://plugin.video.themoviedb.helper/?info=discover&amp;tmdb_type=tv&amp;with_watch_providers=337&amp;watch_region=US&amp;with_id=True"/>
            <param name="widget_header" value="[COLOR deepskyblue]Disney Plus[/COLOR]"/>
            <param name="widget_target" value="videos"/>
            <param name="list_id" value="22015"/>
        </include>
        <include content="WidgetListPoster">
            <param name="content_path" value="plugin://plugin.video.themoviedb.helper/?info=discover&amp;tmdb_type=tv&amp;with_watch_providers=350&amp;watch_region=US&amp;with_id=True"/>
            <param name="widget_header" value="[COLOR white]Apple TV Plus[/COLOR]"/>
            <param name="widget_target" value="videos"/>
            <param name="list_id" value="22016"/>
        </include>
        <include content="WidgetListPoster">
            <param name="content_path" value="plugin://plugin.video.themoviedb.helper/?info=discover&amp;tmdb_type=tv&amp;with_watch_providers=1899&amp;watch_region=US&amp;with_id=True"/>
            <param name="widget_header" value="[COLOR darkorchid]HBO Max[/COLOR]"/>
            <param name="widget_target" value="videos"/>
            <param name="list_id" value="22017"/>
        </include>
        <include content="WidgetListSquare">
            <param name="content_path" value="plugin://plugin.video.themoviedb.helper/?info=trakt_genres&amp;tmdb_type=tv"/>
            <param name="widget_header" value="[LIGHT]Genres[/LIGHT]"/>
            <param name="widget_target" value="videos"/>
            <param name="list_id" value="22018"/>
        </include>
    </include>
</includes>