<?xml version="1.0" encoding="UTF-8"?>
<includes>
    <include name="Custom1Widgets">
        <include content="WidgetListPoster">
            <param name="content_path" value="plugin://plugin.video.otaku/watchlist_status_type/anilist/CURRENT"/>
            <param name="widget_header" value="[I]Continue Watching[/I]"/>
            <param name="widget_target" value="videos"/>
            <param name="list_id" value="23011"/>
        </include>
        <include content="WidgetListPoster">
            <param name="content_path" value="plugin://plugin.video.otaku/anilist_all_time_trending_trending"/>
            <param name="widget_header" value="[B]Trending[/B]"/>
            <param name="widget_target" value="videos"/>
            <param name="list_id" value="23012"/>
        </include>
        <include content="WidgetListPoster">
            <param name="content_path" value="plugin://plugin.video.otaku/anilist_top_100_anime"/>
            <param name="widget_header" value="[LIGHT]Top 100[/LIGHT]"/>
            <param name="widget_target" value="videos"/>
            <param name="list_id" value="23013"/>
        </include>
        <include content="WidgetListPoster">
            <param name="content_path" value="plugin://plugin.video.otaku/anilist_upcoming_this_season_upcoming"/>
            <param name="widget_header" value="[B]Upcoming[/B]"/>
            <param name="widget_target" value="videos"/>
            <param name="list_id" value="23014"/>
        </include>
    </include>
</includes>