<?xml version="1.0" encoding="UTF-8"?>
<includes>
    <include name="MovieWidgets">
        <include content="WidgetListPoster">
            <param name="content_path" value="plugin://plugin.video.themoviedb.helper/?info=trakt_inprogress&amp;tmdb_type=movie&amp;list_name=Your+In-Progress"/>
            <param name="widget_header" value="[I]Currently Watching[/I]"/>
            <param name="widget_target" value="videos"/>
            <param name="list_id" value="19011"/>
        </include>
        <include content="WidgetListPoster">
            <param name="content_path" value="plugin://plugin.video.themoviedb.helper/?info=now_playing&amp;tmdb_type=movie"/>
            <param name="widget_header" value="[COLOR firebrick]In Theatres[/COLOR]"/>
            <param name="widget_target" value="videos"/>
            <param name="list_id" value="19012"/>
        </include>
        <include content="WidgetListPoster">
            <param name="content_path" value="plugin://plugin.video.themoviedb.helper/?info=trakt_trending&amp;tmdb_type=movie"/>
            <param name="widget_header" value="[B]Trending[/B]"/>
            <param name="widget_target" value="videos"/>
            <param name="list_id" value="19013"/>
        </include>
        <include content="WidgetListPoster">
            <param name="content_path" value="plugin://plugin.video.themoviedb.helper/?info=trakt_popular&amp;tmdb_type=movie"/>
            <param name="widget_header" value="[LIGHT]Popular[/LIGHT]"/>
            <param name="widget_target" value="videos"/>
            <param name="list_id" value="19014"/>
        </include>
        <include content="WidgetListPoster">
            <param name="content_path" value="plugin://plugin.video.themoviedb.helper/?info=revenue_movies&amp;tmdb_type=movie"/>
            <param name="widget_header" value="[LIGHT]Highest Revenue[/LIGHT]"/>
            <param name="widget_target" value="videos"/>
            <param name="list_id" value="19015"/>
        </include>
        <include content="WidgetListPoster">
            <param name="content_path" value="plugin://script.embuary.info/discover/movie/all"/>
            <param name="widget_header" value="[B]Discover[/B]"/>
            <param name="widget_target" value="videos"/>
            <param name="list_id" value="19016"/>
        </include>
        <include content="WidgetListPoster">
            <param name="content_path" value="plugin://plugin.video.themoviedb.helper/?info=trakt_recommendations&amp;tmdb_type=movie"/>
            <param name="widget_header" value="[LIGHT]Recommended[/LIGHT]"/>
            <param name="widget_target" value="videos"/>
            <param name="list_id" value="19017"/>
        </include>
        <include content="WidgetListPoster">
            <param name="content_path" value="plugin://plugin.video.themoviedb.helper/?info=top_rated&amp;tmdb_type=movie"/>
            <param name="widget_header" value="[LIGHT]Top Rated[/LIGHT]"/>
            <param name="widget_target" value="videos"/>
            <param name="list_id" value="19018"/>
        </include>
        <include content="WidgetListPoster">
            <param name="content_path" value="plugin://plugin.video.themoviedb.helper/?info=trakt_boxoffice&amp;tmdb_type=movie"/>
            <param name="widget_header" value="[LIGHT]Top 10 Box Office[/LIGHT]"/>
            <param name="widget_target" value="videos"/>
            <param name="list_id" value="19019"/>
        </include>
        <include content="WidgetListSquare">
            <param name="content_path" value="plugin://plugin.video.themoviedb.helper/?info=trakt_anticipated&amp;tmdb_type=movie"/>
            <param name="widget_header" value="[B]Anticipated[/B]"/>
            <param name="widget_target" value="videos"/>
            <param name="list_id" value="19020"/>
        </include>
        <include content="WidgetListSquare">
            <param name="content_path" value="plugin://plugin.video.themoviedb.helper/?info=genres&amp;tmdb_type=movie"/>
            <param name="widget_header" value="[LIGHT]Genres[/LIGHT]"/>
            <param name="widget_target" value="videos"/>
            <param name="list_id" value="19021"/>
        </include>
    </include>
</includes>