<?xml version="1.0" encoding="UTF-8"?>
<includes>
	<include name="View_52_IconWall">
		<control type="group">
			<visible>Control.IsVisible(52)</visible>
			<include>OpenClose_Right</include>
			<include>Visible_Right</include>
			<control type="panel" id="52">
				<centerleft>51.2%</centerleft>
				<top>0</top>
				<width>92%</width>
				<height>100%</height>
				<onleft>9000</onleft>
				<!-- <onright>531</onright>
				<pagecontrol>531</pagecontrol> -->
				<preloaditems>2</preloaditems>
				<onup>52</onup>
				<ondown>52</ondown>
				<scrolltime tween="cubic" easing="out">500</scrolltime>
				<visible>Container.Content() | Container.Content(files) | Container.Content(tags) | Container.Content(years) | Container.Content(roles) | Container.Content(sources) | Container.Content(genres) | Container.Content(countries) | Container.Content(studios) | Container.Content(playlists) | Container.Content(favourites) | Container.Content(unknown)</visible>
				<viewtype label="31099">icon</viewtype>
				<itemlayout height="305" width="440" condition="Container.Content() | Container.Content(files) | Container.Content(tags) | Container.Content(playlists) | [Container.Content(studios) + System.AddonIsEnabled(resource.images.studios.white)]">
					<control type="group">
						<top>120</top>
						<control type="image">
							<left>15</left>
							<top>15</top>
							<!-- 396 -->
							<width>360</width>
							<!-- 245 -->
							<height>209</height>
							<texture colordiffuse="dialog_bg">masks/landscape.png</texture>
							<bordertexture colordiffuse="FF181818" border="20" infill="false">masks/poster-border.png</bordertexture>
							<bordersize>2</bordersize>
						</control>
						<!-- IMAGE CONTROL -->
						<control type="image">
							<left>120</left>
							<top>37</top>
							<width>160</width>
							<height>170</height>
							<texture diffuse="masks/addons.png" colordiffuse="unfocused_text" fallback="DefaultStudios.png">$INFO[ListItem.Icon]</texture>
							<aspectratio>keep</aspectratio>
							<align>center</align>
						</control>
						<control type="textbox">
							<left>30</left>
							<top>230</top>
							<width>335</width>
							<height>74</height>
							<font>font12</font>
							<label>$INFO[ListItem.Label]</label>
							<textcolor>unfocused_text</textcolor>
							<align>center</align>
							<aligny>center</aligny>
						</control>
					</control>
				</itemlayout>
				<focusedlayout height="305" width="440" condition="Container.Content() | Container.Content(files) | Container.Content(tags) | Container.Content(playlists) | [Container.Content(studios) + System.AddonIsEnabled(resource.images.studios.white)]">
					<control type="group">
						<depth>DepthContentPopout</depth>
						<top>120</top>
						<control type="image">
							<left>14</left>
							<top>14</top>
							<width>362</width>
							<height>211</height>
							<texture colordiffuse="button_focus">masks/landscape-glow.png</texture>
							<bordersize>-23</bordersize>
							<include content="GlowPulse">
								<param name="pos_x" value="199.5"/>
								<param name="pos_y" value="122.5"/>
							</include>
						</control>
						<control type="image">
							<left>15</left>
							<top>15</top>
							<width>360</width>
							<height>209</height>
							<texture colordiffuse="dialog_bg">masks/landscape.png</texture>
							<bordersize>2</bordersize>
						</control>
						<control type="image">
							<left>120</left>
							<top>37</top>
							<width>160</width>
							<height>170</height>
							<texture diffuse="masks/addons.png" fallback="DefaultStudios.png">$INFO[ListItem.Icon]</texture>
							<aspectratio>keep</aspectratio>
							<align>center</align>
						</control>
						<control type="textbox">
							<left>30</left>
							<top>230</top>
							<width>335</width>
							<height>74</height>
							<font>font12_title</font>
							<label>[LIGHT]$INFO[ListItem.Label][/LIGHT]</label>
							<textcolor>unfocused_text</textcolor>
							<align>center</align>
							<aligny>center</aligny>
						</control>
					</control>
				</focusedlayout>
				<itemlayout height="181" width="348" condition="Container.Content(genres) | Container.Content(sources) | Container.Content(years) | Container.Content(roles) | Container.Content(countries) | [Container.Content(studios) + !System.AddonIsEnabled(resource.images.studios.white)]">
					<control type="group">
						<top>120</top>
						<control type="image">
							<width>330</width>
							<height>140</height>
							<texture>dialogs/dialog-bg-nobo.png</texture>
							<bordertexture border="21" infill="false">overlays/shadow.png</bordertexture>
							<bordersize>20</bordersize>
						</control>
						<control type="textbox">
							<left>30</left>
							<top>0</top>
							<width>270</width>
							<height>140</height>
							<label>$INFO[ListItem.Label]</label>
							<align>center</align>
							<aligny>center</aligny>
						</control>
					</control>
				</itemlayout>
				<focusedlayout height="181" width="348" condition="Container.Content(genres) | Container.Content(sources) | Container.Content(years) | Container.Content(roles) | Container.Content(countries) | [Container.Content(studios) + !System.AddonIsEnabled(resource.images.studios.white)]">
					<control type="group">
						<depth>DepthContentPopout</depth>
						<top>120</top>
						<control type="image">
							<width>330</width>
							<height>140</height>
							<texture>dialogs/dialog-bg-nobo.png</texture>
							<bordertexture border="21" infill="false">overlays/shadow.png</bordertexture>
							<bordersize>20</bordersize>
						</control>
						<control type="image">
							<width>330</width>
							<height>140</height>
							<texture colordiffuse="button_focus2">colors/grey.png</texture>
							<bordersize>20</bordersize>
							<include>Animation_FocusTextureFade</include>
						</control>
						<control type="textbox">
							<left>30</left>
							<top>0</top>
							<width>270</width>
							<height>140</height>
							<label>$INFO[ListItem.Label]</label>
							<align>center</align>
							<aligny>center</aligny>
						</control>
					</control>
				</focusedlayout>
			</control>
		</control>
	</include>
</includes>
